mouse_gene,human_gene,confidence
Kcnq1ot1,Not found,
Lyst,LYST,1
Lrrc75b,LRRC75B,1
Spaca5,SPACA5,1
Spaca5,SPACA5B,1
Etl4,KIAA1217,1
Tmem151a,TMEM151A,1
Timp2,TIMP2,1
Stxbp5,STXBP5,1
Gm48495,Not found,
Dleu2,Not found,
Cd300lf,CD300LF,0
Hrh2,HRH2,1
Yod1,YOD1,1
Zfp609,ZNF609,1
Aff4,AFF4,1
Chil3,CHIA,1
Gm26875,Not found,
Cdh2,CDH2,1
Gm17023,Not found,
Plxna4,PLXNA4,1
Chn2,CHN2,1
Gm13216,Not found,
Nipbl,NIPBL,1
Ttc3,TTC3,1
Cacnb4,CACNB4,1
Dgat2l6,DGAT2L6,1
Rasal2,RASAL2,1
Ahsa2,Not found,
Wnk1,WNK1,1
Gatad2b,GATAD2B,1
Plcl2,PLCL2,1
Smg6,SMG6,1
Pde1c,PDE1C,1
Tmem250,TMEM250,1
Atp9b,ATP9B,1
Gm3617,Not found,
Dlgap1,DLGAP1,1
Or1j10,Not found,
Serinc4,SERINC4,1
Nhsl2,NHSL2,1
Gm45706,Not found,
Rsrp1,RSRP1,1
Rasgrp4,RASGRP4,1
Add1,ADD1,1
Snrnp70,SNRNP70,1
Gm27010,Not found,
Gnai2,GNAI2,1
Fbxl17,FBXL17,1
Kif26b,KIF26B,1
Atp1a3,ATP1A3,1
Gm49409,Not found,
Braf,BRAF,1
Gramd1b,GRAMD1B,1
Nfib,NFIB,1
Gm9795,Not found,
Gm37600,Not found,
Nf1,NF1,1
Galnt7,GALNT7,1
Sez6l,SEZ6L,1
Erv3,Not found,
Gm56780,Not found,
Acads,ACADS,1
Faf1,FAF1,1
Gcsh,GCSH,1
Cd200r3,CD200R1,0
Cd200r3,CD200R1L,0
Ube2e2,UBE2E2,1
Plcb4,PLCB4,1
Slc7a4,SLC7A4,1
Smim13,SMIM13,1
Sobp,SOBP,1
Gm5069,Not found,
Rasa1,RASA1,1
Slc9a9,SLC9A9,1
Etv1,ETV1,1
1700007F19Rik,Not found,
Susd6,SUSD6,1
Prkg2,PRKG2,1
Plxna4os1,Not found,
2610035F20Rik,Not found,
Prpf40a,PRPF40A,1
Gm15943,Not found,
Cog5,COG5,1
Cacna1b,CACNA1B,1
Pam,PAM,1
Clcn7,CLCN7,1
Ddx5,DDX5,1
Thrb,THRB,1
Rbm6,RBM6,1
Tnr,TNR,1
Qk,Not found,N/A
Tenm1,TENM1,1
Atf7ip,ATF7IP,1
Slc17a6,SLC17A6,1
Ppp2r5e,PPP2R5E,1
Il11ra1,IL11RA,1
Dennd5b,DENND5B,1
Zfp148,ZNF148,1
Epc1,EPC1,1
Dpp10,DPP10,1
Il33,IL33,1
Vgll3,VGLL3,1
Nbeal1,NBEAL1,1
Patj,PATJ,1
Mtcl1,MTCL1,1
Ktn1,KTN1,1
Gm32401,Not found,
Gm16025,Not found,
Spata32,SPATA32,0
Unc80,UNC80,1
Asap1,ASAP1,1
Gm1070,Not found,
Gm1070,Not found,
Rhno1,RHNO1,1
Pkia,PKIA,1
Ntrk2,NTRK2,1
Phlpp1,PHLPP1,1
Ndfip1,NDFIP1,1
Myt1l,MYT1L,1
Phf11a,PHF11,0
Zfp426,ZNF426,1
Eipr1,EIPR1,1
Celf1,CELF1,1
AI849053,Not found,
Grik1,GRIK1,1
Plxdc1,PLXDC1,1
Ccdc50-ps,Not found,
Kif5c,KIF5C,1
Gsk3b,GSK3B,1
Gm20444,Not found,
Kcnq3,KCNQ3,1
Dpp6,DPP6,1
Mgat4c,MGAT4C,1
Epn1,EPN1,1
Amph,AMPH,1
Lamtor4,LAMTOR4,1
Frmpd4,FRMPD4,1
Mirg,Not found,
Dennd4a,DENND4A,1
Zfyve26,ZFYVE26,1
Top1,TOP1,1
Gm8341,Not found,
Qrich1,QRICH1,1
Pld5,PLD5,1
Ddx17,DDX17,1
Atp8a1,ATP8A1,1
Ptgdr2,PTGDR2,1
Peg3,PEG3,1
Pou2af3,POU2AF3,1
Nrxn3,NRXN3,1
Mdga2,MDGA2,1
Pcdh9,PCDH9,1
Cers6,CERS6,1
Cstf3,CSTF3,1
Snhg14,Not found,
R3hdm2,R3HDM2,1
Birc6,BIRC6,1
Hook3,HOOK3,1
Megf11,MEGF11,1
Sgcz,SGCZ,1
Rbm25,RBM25,1
Ppp2r2b,PPP2R2B,1
Nutf2-ps1,NUTF2,0
Camk2d,Not found,
Efna5,EFNA5,1
Phf20l1,PHF20L1,1
Lhfp,Not found,N/A
Kirrel3,KIRREL3,1
Aff3,AFF3,1
Btbd9,BTBD9,1
Usp29,USP29,0
Diaph2,DIAPH2,1
Dst,DST,1
Gm48854,Not found,
Slc24a2,SLC24A2,1
Ythdf3,YTHDF3,1
Aopep,AOPEP,1
Dab1,DAB1,1
Zftraf1,ZFTRAF1,1
Fry,FRY,1
Pds5b,PDS5B,1
Rab9b,RAB9B,1
Rapgef2,RAPGEF2,1
Ptcd3,PTCD3,1
Prkce,PRKCE,1
Srsf5,SRSF5,1
Suv39h2,SUV39H2,1
Zmynd11,ZMYND11,1
Fbl-ps2,Not found,
Strbp,STRBP,1
Atxn1,ATXN1,1
Gm50455,Not found,
Astn1,ASTN1,1
Clock,CLOCK,1
A230057D06Rik,Not found,
Rian,Not found,
Runx1t1,RUNX1T1,1
Tubb6,TUBB6,1
Bbs5,BBS5,1
Nfia,NFIA,1
Gm37834,Not found,
1110051M20Rik,Not found,N/A
Fhad1,FHAD1,1
Mapk10,MAPK10,1
Nr4a2,NR4A2,1
Lsm10,LSM10,1
Rtn1,RTN1,1
Ube2b,UBE2B,1
Nexn,NEXN,1
Cacna2d3,CACNA2D3,1
Trpm7,TRPM7,1
Gtdc1,GTDC1,1
Ndufb1,NDUFB1,1
Dhx8,DHX8,1
Gm12256,Not found,
Ulk2,ULK2,1
Lypd6b,LYPD6B,1
Reln,RELN,1
Ccn5,CCN5,1
Gm16277,Not found,
Ush2a,USH2A,1
Grm1,GRM1,1
Scaf8,SCAF8,1
Psmd14,PSMD14,1
Atp2b2,ATP2B2,1
Trim69,TRIM69,1
Bnc2,BNC2,1
Crebbp,CREBBP,1
A930016O22Rik,Not found,
Diaph3,DIAPH3,1
Nfkbiz,NFKBIZ,1
Slc7a15,Not found,
Dip2b,DIP2B,1
Atp6v0c,ATP6V0C,1
Setd5,SETD5,1
Gm38843,Not found,
Kbtbd13,KBTBD13,1
Gm15873,Not found,
Kcnq5,KCNQ5,1
Zfr,ZFR,1
Mir484,MIR484,1
Btg1,BTG1,1
Msi2,MSI2,1
Pou2f1,POU2F1,1
Rif1,RIF1,1
2310058D17Rik,Not found,
Rnf169,RNF169,1
Snd1,SND1,1
Ryr2,RYR2,1
Asb3,ASB3,1
Itm2b,ITM2B,1
Ambra1,AMBRA1,1
Nptn,NPTN,1
Clk1,CLK1,1
Limch1,LIMCH1,1
Atp8a2,ATP8A2,1
Mir341,Not found,
Med13l,MED13L,1
Ryr3,RYR3,1
Ctnna2,CTNNA2,1
Adk,ADK,1
Gm13835,Not found,
Ccdc92,CCDC92,1
Dlg2,DLG2,1
Schip1,SCHIP1,1
Cdk13,CDK13,1
Snx29,SNX29,1
Usp9x,USP9X,1
Nr3c2,NR3C2,1
Cd209d,CD209,0
Dnajc1,DNAJC1,1
Proca1,PROCA1,0
Hivep2,HIVEP2,1
Gm18652,Not found,
Myom1,MYOM1,1
Adam23,ADAM23,1
Gm37376,Not found,
Erich1,ERICH1,0
Cdr1os,Not found,
Med13,MED13,1
Ncam1,NCAM1,1
Cdk14,CDK14,1
Nrxn1,NRXN1,1
Tia1,TIA1,1
Rmdn1,RMDN1,1
Atp2b1,ATP2B1,1
Car10,CA10,1
Cryaa,CRYAA,1
Tmco1,TMCO1,1
Ghrl,GHRL,1
Tmem135,TMEM135,1
AY036118,Not found,N/A
Ahcyl2,AHCYL2,1
Tnrc6c,TNRC6C,1
Ntm,NTM,1
Sorl1,SORL1,1
Maml2,MAML2,1
Cfap210,CFAP210,1
Gm9530,Not found,
Nrg3,NRG3,1
Sema6d,SEMA6D,1
Dct,DCT,1
Gm48296,Not found,
Prr35,PRR35,1
Gm9945,Not found,
Maml3,MAML3,1
Ehmt1,EHMT1,1
1700123K08Rik,Not found,
Cacnb2,CACNB2,1
Cchcr1,CCHCR1,1
1700009N14Rik,Not found,
Spred2,SPRED2,1
Daam2,DAAM2,1
Klhl36,KLHL36,1
Plcb1,PLCB1,1
Lamb3,LAMB3,1
Ckap5,CKAP5,1
Arhgap5,ARHGAP5,1
Tmcc1,TMCC1,1
2310047K21Rik,Not found,
Wnk2,WNK2,1
Fut8,FUT8,1
Gm49802,Not found,
Sh3gl2,SH3GL2,1
Astn2,ASTN2,1
Trp53cor1,Not found,
Hivep3,HIVEP3,1
Mcrip1,MCRIP1,1
Or2w3b,OR2W3,0
Sclt1,SCLT1,1
St7,ST7,1
Fam135a,FAM135A,1
Rora,RORA,1
Sh3d19,SH3D19,1
Grm7,GRM7,1
Garnl3,GARNL3,1
2810428J06Rik,Not found,
Frmd4a,FRMD4A,1
Tubd1,TUBD1,1
Atp1b1,ATP1B1,1
Dip2c,DIP2C,1
Gm9165,Not found,
Dlgap2,DLGAP2,1
Cdh1,CDH1,1
Krit1,KRIT1,1
Grik2,GRIK2,1
Lrrc14,LRRC14,1
Kcnd2,KCND2,1
Haus1,HAUS1,1
Myef2,MYEF2,1
Gm47798,Not found,
Nlk,NLK,1
Gm14133,Not found,
Ank3,ANK3,1
Fam193a,FAM193A,1
Rere,RERE,1
Tnik,TNIK,1
Mast4,MAST4,1
Scamp2,SCAMP2,1
Spint1,SPINT1,1
Asic2,ASIC2,1
Grip1,GRIP1,1
Macrod2,MACROD2,1
Esyt2,ESYT2,1
Pcsk1n,PCSK1N,1
Gm4814,Not found,
Zfp521,ZNF521,1
Ncald,NCALD,1
Ppp2r3a,PPP2R3A,1
Stag1,STAG1,1
Asph,ASPH,1
Rims2,RIMS2,1
Tbc1d5,TBC1D5,1
Smpd1,SMPD1,1
Ehbp1,EHBP1,1
Gm29234,Not found,
Prkg1,PRKG1,1
Pex5l,PEX5L,1
Alms1,ALMS1,0
Ly6a,LY6S,0
Rufy3,RUFY3,1
Gm6117,Not found,
Dennd1b,DENND1B,1
Espnl,ESPNL,1
R3hdm1,R3HDM1,1
Btaf1,BTAF1,1
Chka,CHKA,1
Cbx3-ps8,Not found,
Ralyl,RALYL,1
Gm46522,Not found,
Fat3,FAT3,1
Unc79,UNC79,1
Ccar1,CCAR1,1
Adam20,ADAM20,0
Bach2,BACH2,1
Cdk12,CDK12,1
Zic1,ZIC1,1
Gm45733,Not found,
Gm56698,Not found,
Adgrl3,ADGRL3,1
Tspan7,TSPAN7,1
Gm38074,Not found,
Ank2,ANK2,1
Gm49479,Not found,
4932438A13Rik,Not found,N/A
Akap9,AKAP9,1
Kalrn,KALRN,1
Cadps,Not found,
Sfswap,SFSWAP,1
Lrba,LRBA,1
Sgcd,SGCD,1
5930411N13Rik,Not found,
Pkd1,PKD1,1
Sorbs1,SORBS1,1
Atxn2,ATXN2,1
Jakmip2,JAKMIP2,1
Prkag2os2,Not found,
Smarca2,SMARCA2,1
Sptbn1,SPTBN1,1
4930413G21Rik,Not found,
Map4k3,MAP4K3,1
Nedd4,NEDD4,1
Fam168a,FAM168A,1
Tnnt3,TNNT3,1
1700110I01Rik,Not found,
Iqch,IQCH,1
Rabgap1l,RABGAP1L,1
Gm45113,Not found,
Thoc2,THOC2,1
Mllt3,MLLT3,1
Cpeb2,CPEB2,1
Rbm39,RBM39,1
Tmeff2,TMEFF2,1
Abr,ABR,1
Arfgef3,ARFGEF3,1
Akt3,AKT3,1
Bptf,BPTF,1
Gm44850,Not found,
Gm2694,Not found,N/A
Fam13b,FAM13B,1
A330076H08Rik,Not found,
Dscaml1,DSCAML1,1
Pcdh15,PCDH15,1
Prrc2c,PRRC2C,1
Klhl30,KLHL30,1
Hcn1,HCN1,1
Xist,Not found,
Ttc7b,TTC7B,1
Tasor,TASOR,1
H4c1,Not found,
Ckb,CKB,1
Sgms1,SGMS1,1
Mfsd13a,MFSD13A,1
Map4,MAP4,0
Ubap2l,UBAP2L,1
Fubp1,FUBP1,1
Pfkm,PFKM,1
Pde4dip,PDE4DIP,1
Gabrb1,GABRB1,1
Tmem108,TMEM108,1
Cntn5,CNTN5,1
Pik3r3,PIK3R3,1
Gm43548,Not found,
Epb41,EPB41,1
Kif1b,KIF1B,1
Tmem163,TMEM163,1
S100a3,S100A3,1
Adarb1,ADARB1,1
Synj1,SYNJ1,1
Opcml,OPCML,1
4930545L08Rik,Not found,
Itgbl1,ITGBL1,1
Grm4,GRM4,1
Six3os1,Not found,
Akr1b10,AKR1B10,1
Large1,LARGE1,1
Gm40663,Not found,
Ibsp,IBSP,1
Gm30313,Not found,
Nrg1,NRG1,1
Nrg1,Not found,1
Dapk2,DAPK2,1
Gm14551,Not found,
Tom1l2,TOM1L2,1
Lrrtm3,LRRTM3,1
Nsd3,NSD3,1
Atp11b,ATP11B,1
Gm7692,Not found,
Lrrc74b,LRRC74B,1
Vstm2b,VSTM2B,1
Gm20755,Not found,
Atp6v0a1,ATP6V0A1,1
Sorbs2,SORBS2,1
Nckap1,NCKAP1,1
Lrp1b,LRP1B,1
Prickle2,PRICKLE2,1
Ralgapb,RALGAPB,1
Upk3bl,UPK3BL2,1
Upk3bl,UPK3BL1,1
Slc25a12,SLC25A12,1
C2cd4b,Not found,
Itsn1,ITSN1,1
Zmynd8,ZMYND8,1
Ogt,OGT,1
Taok1,TAOK1,1
Mapk12,MAPK12,1
Fbxw21,FBXW12,0
Dop1a,DOP1A,1
Pja2,PJA2,1
Galntl6,GALNTL6,1
Ccdc34,CCDC34,1
Ptprd,PTPRD,1
Ror1,ROR1,1
Prkcb,PRKCB,1
Trim2,TRIM2,1
Gm4544,Not found,
Tektl1,TEKTL1,1
Atp6v0b,ATP6V0B,1
Cdkl5,CDKL5,1
4933427I04Rik,Not found,
Fgfr2,FGFR2,1
Eif5a,EIF5A,1
Eif5a,EIF5AL1,1
Gm17473,Not found,
Slc35a1,SLC35A1,1
Zbtb20,ZBTB20,1
Gimap4,GIMAP4,1
Nfasc,NFASC,1
Rgs11,RGS11,1
A230006K03Rik,Not found,
Fcgr3,FCGR2A,0
Fcgr3,FCGR2C,0
Fcgr3,FCGR2B,0
Nell2,NELL2,1
Slc4a10,SLC4A10,1
Anks1b,ANKS1B,1
Ascc3,ASCC3,1
Gm5869,Not found,
Trmt9b,TRMT9B,1
Tmem220,TMEM220,1
Tmem132a,TMEM132A,1
Prss39,Not found,
Sema6c,SEMA6C,1
Igflr1,IGFLR1,1
Spp1,SPP1,1
Calm2,CALM2,1
Dcdc2b,DCDC2B,1
Ccny,CCNY,1
Ralgps1,RALGPS1,1
Auts2,AUTS2,1
Psme4,PSME4,1
Rflnb,RFLNB,1
Celf4,CELF4,1
Ero1b,ERO1B,1
Dcc,DCC,1
Srpk2,SRPK2,1
Ppil6,PPIL6,1
Kcnma1,KCNMA1,1
Ddx50,DDX50,1
A330048O09Rik,Not found,
Nwd2,NWD2,1
Pan2,PAN2,1
Fmnl2,FMNL2,1
Oas3,OAS3,1
Rlim,RLIM,1
Rfc3,RFC3,1
Fam155a,Not found,N/A
Ptpn4,PTPN4,1
Ralgapa2,RALGAPA2,1
Mark3,MARK3,1
Grin1,GRIN1,1
Chd7,CHD7,1
Kmt2c,KMT2C,1
Gm45116,Not found,
Prickle1,PRICKLE1,1
Map7,MAP7,1
Nsd2,NSD2,1
Trip12,TRIP12,1
Oaf,OAF,1
Igfbp3,IGFBP3,1
Nav2,NAV2,1
Picalm,PICALM,1
Rfx7,RFX7,1
Tmem178,TMEM178A,1
Slc22a1,SLC22A1,1
Zfand3,ZFAND3,1
Atp2c1,ATP2C1,1
Cadm2,CADM2,1
Gm33758,Not found,
Gm7542,Not found,
Or4m1,OR4M2B,1
Or4m1,OR4M1,1
Or4m1,Not found,1
Or4m1,OR4M2,1
Ccser1,CCSER1,1
Pdlim1,PDLIM1,1
Gm50240,Not found,
Phip,PHIP,1
Fbxo47,FBXO47,1
4933406C10Rik,Not found,
Smarcd3,SMARCD3,1
Fam163a,FAM163A,1
Grin2b,GRIN2B,1
Grid1,GRID1,1
Dnmt3a,DNMT3A,1
Epyc,EPYC,1
Gls,GLS,1
Sec23ip,SEC23IP,1
Prr16,PRR16,1
Pias1,PIAS1,1
Herc2,HERC2,1
Zfp536,ZNF536,1
Gm18763,Not found,
Caln1,CALN1,1
Mbd5,MBD5,1
5330434G04Rik,Not found,
Dpf3,DPF3,1
Wac,WAC,1
Kifap3,KIFAP3,1
Ltc4s,Not found,
Plcxd3,PLCXD3,1
Usp32,USP32,1
Usp32,USP6,0
Cask,CASK,1
Scai,SCAI,1
Pcdh7,PCDH7,1
Tnrc6b,TNRC6B,1
Atp1a1,ATP1A1,1
Luc7l2,LUC7L2,1
Tll1,TLL1,1
Pramel3a,Not found,
Sipa1l1,SIPA1L1,1
Gm42418,Not found,N/A
Tcf20,TCF20,1
Zzef1,ZZEF1,1
Samd12,SAMD12,1
Chchd3,CHCHD3,1
Tacr3,TACR3,1
Slc38a8,SLC38A8,1
Agbl4,AGBL4,1
Camk4,CAMK4,1
Olfm3,OLFM3,1
Csnk1g1,CSNK1G1,1
Pten,Not found,
Farp1,FARP1,1
Il1rapl1,IL1RAPL1,1
Pak7,Not found,N/A
Fgf14,FGF14,1
Vps13c,VPS13C,1
Slf2,SLF2,1
Gm48909,Not found,
5330438D12Rik,Not found,
Gm12762,Not found,
Plekha5,PLEKHA5,1
Atad2b,ATAD2B,1
Gm42433,Not found,
Tmem44,TMEM44,1
Trpm3,TRPM3,1
Ube2h,UBE2H,1
Zkscan16,ZNF483,1
E130018N17Rik,Not found,
Lingo2,LINGO2,1
Meg3,Not found,
Zmym4,ZMYM4,1
Fgf18,FGF18,1
Magi2,MAGI2,1
Prps1l3,PRPS1,0
Slc6a16,SLC6A16,0
Prkca,PRKCA,1
Sntg1,SNTG1,1
Chd6,CHD6,1
Rplp1,Not found,
Bricd5,BRICD5,1
Slmap,SLMAP,1
Il6ra,IL6R,1
Ubr3,UBR3,1
Gm47733,Not found,
Rasgrf1,RASGRF1,1
Gm10817,Not found,
Erc1,ERC1,1
C1qtnf1,C1QTNF1,1
Npas3,NPAS3,1
Sphkap,SPHKAP,1
Rev1,REV1,1
Gucy1a2,GUCY1A2,1
Mkln1,MKLN1,1
Apc,APC,1
Pura,PURA,1
Gnao1,GNAO1,1
Gm46142,Not found,
Rbfox3,RBFOX3,1
Ube2w,UBE2W,1
Usp3,USP3,1
Erbb4,ERBB4,1
9430087J23Rik,Not found,
Mtmr3,MTMR3,1
Sv2b,SV2B,1
Srek1,Not found,
Mir100hg,Not found,
Gm29019,Not found,
Gm6043,Not found,
Rap1gds1,RAP1GDS1,1
Neo1,NEO1,1
Cmip,CMIP,1
Fat2,FAT2,1
Rgs7bp,RGS7BP,1
Lfng,LFNG,1
Dok6,DOK6,1
Gm6382,Not found,
Csmd3,CSMD3,1
Meis1,MEIS1,1
Zfp385b,ZNF385B,1
Slc25a3,SLC25A3,1
Zbed6,ZBED6,1
Pkn2,PKN2,1
Ncoa2,NCOA2,1
Peak1,PEAK1,1
Sbf2,SBF2,1
Ube2g1,UBE2G1,1
Stk39,STK39,1
Hecw2,HECW2,1
Zfp410,ZNF410,1
Cep85l,CEP85L,1
Ptprs,PTPRS,1
Atxn7l3b,ATXN7L3B,1
Lrrtm4,LRRTM4,1
Gpatch8,GPATCH8,1
Tssk4,TSSK4,1
Fth1,FTH1,1
Mir143,MIR143,1
Rgs7,RGS7,1
4930515G01Rik,Not found,
Gm20472,Not found,
Sltm,SLTM,1
Dclk1,DCLK1,1
1-Mar,Not found,N/A
Akap8l,AKAP8L,1
Tesc,TESC,1
Ndufb8,NDUFB8,1
Ccdc71,CCDC71,1
Adgra1,ADGRA1,1
Rbm46os,Not found,
Cntn4,CNTN4,1
Edil3,EDIL3,1
2210412B16Rik,Not found,
Krt82,KRT82,1
4930592C13Rik,Not found,
Swi5,SWI5,1
Gm44228,Not found,
Kcnc1,KCNC1,1
Kctd4,KCTD4,1
Med12l,MED12L,1
Map6d1,MAP6D1,1
Syn2,SYN2,1
Ccdc88a,CCDC88A,1
Spire1,SPIRE1,1
Hdac8,HDAC8,1
4632404M16Rik,Not found,
Ppm1l,PPM1L,1
Prph,PRPH,1
Vps13b,VPS13B,1
Gm45634,Not found,
Fen1,FEN1,1
Nkain2,NKAIN2,1
Arid4b,ARID4B,1
Umad1,UMAD1,1
Snhg11,Not found,
Senp7,SENP7,1
Epb41l1,EPB41L1,1
Grid2,GRID2,1
Tjp1,TJP1,1
Robo1,ROBO1,1
Chd9,CHD9,1
Nktr,NKTR,1
C2cd5,C2CD5,1
Enho,ENHO,1
Rock2,ROCK2,1
Exoc4,EXOC4,1
Lrrc7,LRRC7,1
Gm37784,Not found,
Btrc,BTRC,1
Rbfox2,RBFOX2,1
Ncoa1,NCOA1,1
Slc9a2,SLC9A2,1
Lsamp,LSAMP,1
Cntn6,CNTN6,1
Nova1,NOVA1,1
Gtf2i,GTF2I,1
Ecpas,ECPAS,1
Lncpint,Not found,
Tcf4,TCF4,1
Gria3,GRIA3,1
Nfat5,NFAT5,1
Pde4b,PDE4B,1
Gm10457,Not found,
Zswim6,ZSWIM6,1
Myh8,MYH8,1
Zdhhc1,ZDHHC1,1
Reg2,REG1A,0
Ascc1,ASCC1,1
Trps1,TRPS1,1
Csrnp3,CSRNP3,1
B3galt1,B3GALT1,1
Snap91,SNAP91,1
Mme,MME,1
Rnf225,RNF225,1
Synb,ERVFRD-1,0
Bok,BOK,1
Dennd1a,DENND1A,1
Dock3,DOCK3,1
Smyd3,SMYD3,1
Zfp773,ZNF892,0
Slc8a1,SLC8A1,1
Ptprt,PTPRT,1
Dnajc25,DNAJC25,1
Galr1,GALR1,1
Gpbp1,GPBP1,1
Dync1i1,DYNC1I1,1
Uqcr11,UQCR11,1
Myo5a,MYO5A,1
Kmt2a,KMT2A,1
Rapgef6,RAPGEF6,1
Focad,FOCAD,1
Ftl1,FTL,1
Gm19303,Not found,
Nat8f2,NAT8,1
Nat8f2,NAT8B,1
Bc1,Not found,
Tenm2,TENM2,1
Srsf11,SRSF11,1
Dnai2,DNAI2,1
Cbx2,CBX2,1
Map2,MAP2,1
Mogat2,MOGAT2,1
Slc4a4,SLC4A4,1
Rsf1,RSF1,1
Epha6,EPHA6,1
Boll,BOLL,1
Gm19817,Not found,
Gabrb3,GABRB3,1
Gm57119,Not found,
Scmh1,SCMH1,1
Fto,FTO,1
Gm45094,Not found,
Gabbr2,GABBR2,1
Phf14,PHF14,1
Gm18300,Not found,
Gm16076,Not found,
Pip5k1b,PIP5K1B,1
Fam49b,Not found,N/A
Gm57291,Not found,
Abhd17a,ABHD17A,1
Gm37178,Not found,
Egfros,Not found,
Glra4,Not found,
Mtf2,MTF2,1
Dscam,DSCAM,1
Nsf,NSF,1
Gphn,GPHN,1
Ralgapa1,RALGAPA1,1
Ptprr,PTPRR,1
Fnbp1,FNBP1,1
Rit2,RIT2,1
4930405N21Rik,Not found,
Cmbl,CMBL,1
Gm47283,Not found,N/A
Map1b,MAP1B,1
Npr3,NPR3,1
Ylpm1,YLPM1,1
Ndufb2,NDUFB2,1
Apba2,APBA2,1
Mctp1,MCTP1,1
Fmn2,FMN2,1
Zfyve9,ZFYVE9,1
Cspp1,CSPP1,1
Rfx3,RFX3,1
Npepps,NPEPPS,1
Tenm4,TENM4,1
Nr6a1,NR6A1,1
Sptan1,SPTAN1,1
Numb,NUMB,1
Top2b,TOP2B,1
Usp24,USP24,1
Xkr4,XKR4,1
Pah,PAH,1
Cdh10,CDH10,1
Cacna1g,CACNA1G,1
Slc27a1,SLC27A1,1
Nalcn,NALCN,1
Zfpm2,ZFPM2,1
Cd47,CD47,1
Gm24878,RNU6-1313P,0
Nav3,NAV3,1
Exoc6b,EXOC6B,1
Camta1,CAMTA1,1
Klf12,KLF12,1
Dtna,DTNA,1
Mir99ahg,Not found,
Bend6,BEND6,1
Sstr3,SSTR3,1
Unc13c,UNC13C,1
Grin2a,GRIN2A,1
Gm32591,Not found,
Defb42,DEFB136,1
Gm7432,Not found,
Ttc17,TTC17,1
Bcas3,BCAS3,1
Gm49032,Not found,
Ppp4r4,PPP4R4,1
Eml6,EML6,1
Nlgn1,NLGN1,1
Ppp1r12b,PPP1R12B,1
Gm7327,Not found,
Ubd,UBD,1
Mir335,MIR335,1
Srrm3,SRRM3,1
Scaper,SCAPER,1
Nyap2,NYAP2,1
Pnisr,PNISR,1
Zeb2,ZEB2,1
Lst1,LST1,1
Glg1,GLG1,1
Pan3,PAN3,1
Syt1,SYT1,1
Nbea,NBEA,1
Cntn1,CNTN1,1
Klhdc10,KLHDC10,1
Mtdh,MTDH,1
Zfp407,ZNF407,1
Cdh7,CDH7,1
Wdfy3,WDFY3,1
Arih1,ARIH1,1
Gm10481,Not found,
Ntrk3,NTRK3,1
Zeb1,ZEB1,1
Dnm1l,DNM1L,1
Lypla2,LYPLA2,1
Gcfc2,GCFC2,1
D530033B14Rik,Not found,
Acap2,ACAP2,1
Cd3e,CD3E,1
9930021J03Rik,Not found,N/A
Dmd,DMD,1
Gm37537,Not found,
Aplp2,APLP2,1
Iqsec1,IQSEC1,1
Trpv6,TRPV6,1
Gm47692,Not found,
Tanc2,TANC2,1
Slc30a3,SLC30A3,1
Phactr1,PHACTR1,1
Dock7,DOCK7,1
Gm28196,Not found,
Arid1b,ARID1B,1
E130114P18Rik,Not found,
Hs3st1,HS3ST1,1
Zcchc7,ZCCHC7,1
Tnrc6a,TNRC6A,1
Adra1d,ADRA1D,1
Arfgef1,ARFGEF1,1
Gm8170,Not found,
Herc1,HERC1,1
Galnt13,GALNT13,1
Strn3,STRN3,1
Pbrm1,PBRM1,1
Arglu1,ARGLU1,1
Cdh3,CDH3,1
Ddx24,DDX24,1
Aak1,AAK1,1
Srrm1,SRRM1,1
Gm11419,Not found,
Nusap1,NUSAP1,1
Kbtbd4,KBTBD4,1
Gbp3,GBP4,0
Ercc2,ERCC2,1
Pacsin1,PACSIN1,1
Slc22a13b,SLC22A13,1
Cadps2,CADPS2,1
Tut4,TUT4,1
Abcc5,ABCC5,1
Dis3l2,DIS3L2,1
Sfpq,SFPQ,1
Dock9,DOCK9,1
Upp2,UPP2,1
Acsm5,ACSM5,1
Pak3,PAK3,1
Clcn3,CLCN3,1
Ndst3,NDST3,1
Rtel1,RTEL1,1
Gm38560,Not found,
9430034N14Rik,Not found,
Plcl1,PLCL1,1
Gm13629,Not found,
Cadm1,CADM1,1
Prkn,PRKN,1
Areg,AREG,1
Rpl13-ps1,Not found,
Fgf12,FGF12,1
Dzip3,DZIP3,1
Slc22a3,SLC22A3,1
4930474N09Rik,Not found,
Arhgap32,ARHGAP32,1
Eif4g3,EIF4G3,1
Mbnl2,MBNL2,1
Osbpl8,OSBPL8,1
4930426D05Rik,Not found,
Tsc22d4,TSC22D4,1
Ptprn2,PTPRN2,1
Akap6,AKAP6,1
Platr32,Not found,
Klhl5,KLHL5,1
Kctd8,KCTD8,1
Gria4,GRIA4,1
Cdkal1,CDKAL1,1
Gpr139,GPR139,1
Ttc14,TTC14,1
Map2k4,MAP2K4,1
Edc3,EDC3,1
Gm37176,Not found,
Nrcam,NRCAM,1
St18,ST18,1
Glyat,GLYAT,1
Gm26871,Not found,
Gm18688,Not found,
Tenm3,TENM3,1
Cdh18,CDH18,1
Ubash3b,UBASH3B,1
Srgap3,SRGAP3,1
Nhlrc1,NHLRC1,1
B830012L14Rik,Not found,
Itch,ITCH,1
Gm16105,Not found,
Fyn,FYN,1
Foxn3,FOXN3,1
Msra,MSRA,1
Ewsr1,EWSR1,1
Cacna1d,CACNA1D,1
Ptprg,PTPRG,1
Myo9a,MYO9A,1
Gm9750,Not found,
Nsd1,NSD1,1
Ripk4,RIPK4,1
Cpeb4,CPEB4,1
Kidins220,KIDINS220,1
Magi1,MAGI1,1
Jazf1,JAZF1,1
Gnaq,Not found,
Gabrg3,GABRG3,1
Txnip,TXNIP,1
Htt,HTT,1
Ftx,Not found,
Atrnl1,ATRNL1,1
Rbm5,RBM5,1
Vps13a,VPS13A,1
Clca3a2,Not found,
C130071C03Rik,Not found,N/A
Rbm26,RBM26,1
Gmds,GMDS,1
Kntc1,KNTC1,1
Dnajc6,DNAJC6,1
Pum1,PUM1,1
Csmd1,CSMD1,1
Foxp1,FOXP1,1
Arpp21,ARPP21,1
Lag3,LAG3,1
Pigc,PIGC,1
St6galnac3,ST6GALNAC3,1
Mast2,MAST2,1
Csnk1g3,CSNK1G3,1
Prpf38b,Not found,
Gm42693,Not found,
Bclaf1,BCLAF1,1
H2ac23,H2AC4,0
Gria1,GRIA1,1
Kmt2e,KMT2E,1
Gm10647,Not found,
D630039A03Rik,C9orf152,1
Oxct1,OXCT1,1
AI504432,Not found,
Lrrc4c,LRRC4C,1
Kat6b,KAT6B,1
Pde3b,PDE3B,1
Specc1,SPECC1,1
Gm42946,Not found,
Robo2,ROBO2,1
Gp5,GP5,1
Atrx,ATRX,1
Dync2h1,DYNC2H1,1
Cop1,COP1,1
Gm57372,Not found,
Zfp710,Not found,
Zfp280d,ZNF280D,1
Dtnb,Not found,
Abi2,ABI2,1
Gm1527,Not found,
Wscd2,WSCD2,1
Adcy9,ADCY9,1
Chd2,CHD2,1
Ube3a,UBE3A,1
Mfsd2a,MFSD2A,1
Gm9946,Not found,
Pabpn1,PABPN1,1
Tmtc2,TMTC2,1
Erc2,ERC2,1
Zfp41,ZFP41,1
Fus,FUS,1
Stmn2,STMN2,1
Nt5c2,NT5C2,1
Pcmtd1,PCMTD1,1
Enah,ENAH,1
8430422M14Rik,Not found,
Ptk2,PTK2,1
Rabep1,RABEP1,1
Or9a4,OR9A4,1
Gm4258,Not found,N/A
Zfp638,ZNF638,1
Hnrnpu,HNRNPU,1
Ms4a19,Not found,
Gm45211,Not found,
Rapgef4,RAPGEF4,1
4930517J16Rik,Not found,
Usp34,USP34,1
Gria2,GRIA2,1
Grm5,GRM5,1
Gm568,Not found,
Psd3,PSD3,1
Taf15,TAF15,1
Gm43057,Not found,
Ubr5,UBR5,1
Itga4,ITGA4,1
Nrg2,NRG2,1
Huwe1,HUWE1,1
Adcy1,ADCY1,1
Lpp,LPP,1
Gm26312,RNU1-54P,0
Gm26312,RNU1-65P,0
AC149090.1,Not found,N/A
Tra2a,TRA2A,1
Rpl35,RPL35,1
Cd79a,CD79A,1
Gm37105,Not found,
Kcnh7,KCNH7,1
Rev3l,REV3L,1
Racgap1,RACGAP1,1
Stau2,STAU2,1
Mycbp2,MYCBP2,1
Cntn3,CNTN3,1
Negr1,NEGR1,1
Gm35190,Not found,
Rab3c,RAB3C,1
Dmxl1,DMXL1,1
Ank,ANKH,1
Adgrb3,ADGRB3,1
Ablim1,ABLIM1,1
Celf2,CELF2,1
Or8s8,Not found,
Alcam,ALCAM,1
Cadm3,CADM3,1
Clasp1,CLASP1,1
Wdr33,WDR33,1
Gm13380,Not found,
Cacna2d1,CACNA2D1,1
Tsc22d1,TSC22D1,1
Sbno1,SBNO1,1
Cpeb3,CPEB3,1
Hectd4,HECTD4,1
Kansl1,KANSL1,1
Gpm6a,GPM6A,1
Rabgap1,RABGAP1,1
2410004P03Rik,Not found,
Serpinb6c,SERPINB6,0
Gm49954,Not found,
Clasp2,CLASP2,1
Mroh4,Not found,
Frmd5,FRMD5,1
Clmn,CLMN,1
Clstn2,CLSTN2,1
Arl15,ARL15,1
Cenpf,CENPF,1
Zfp608,ZNF608,1
Cntnap2,CNTNAP2,1
Immp2l,IMMP2L,1
Tm7sf2,TM7SF2,1
Insrr,INSRR,1
Scn1a,SCN1A,1
Cltc,CLTC,1
Epha5,EPHA5,1
Ppp1r12a,PPP1R12A,1
Cit,CIT,1
Gpm6b,GPM6B,1
Gm57153,Not found,
Polb,POLB,1
Zmym2,ZMYM2,1
Stox2,STOX2,1
Srrm2,SRRM2,1
Gm18800,Not found,
Gm18800,Not found,
Ago3,AGO3,1
Vamp5,VAMP5,1
Gm13839,Not found,
Mrtfb,MRTFB,1
Dlg1,DLG1,1
Etnk1,ETNK1,1
Gkap1,GKAP1,1
Gm37444,Not found,
Dgkb,DGKB,1
Acaca,ACACA,1
Pde4d,PDE4D,1
Ash1l,ASH1L,1
Tigd4,TIGD4,1
Dcaf6,DCAF6,1
Ube3c,UBE3C,1
Manf,MANF,1
Camk1d,CAMK1D,1
Cnot4,CNOT4,1
Gm24630,RNU6-813P,0
Ubn2,UBN2,1
Ssbp2,SSBP2,1
Gch1,GCH1,1
Nol4,NOL4,1
D430041D05Rik,KIAA1549L,1
Eml5,EML5,1
Hdac9,HDAC9,1
Gm10548,Not found,
Gm10548,Not found,
Cttnbp2,CTTNBP2,1
Kcnn2,KCNN2,1
Sgip1,SGIP1,1
Acan,ACAN,1
Ahi1,AHI1,1
Gm37357,Not found,
Gja5,GJA5,1
Or4d10c,OR4D10,1
Tmem178b,TMEM178B,1
Csmd2,CSMD2,1
Galnt17,GALNT17,1
Ffar4,FFAR4,1
Ext1,EXT1,1
Slc27a2,SLC27A2,1
Dgkd,DGKD,1
Cdk17,CDK17,1
Mical3,MICAL3,1
Ncor1,NCOR1,1
Fam172a,Not found,N/A
Rsrc1,RSRC1,1
Brinp3,BRINP3,1
Fhl2,FHL2,1
Nlrp5-ps,Not found,
Nlrp5-ps,Not found,
Ctnnd2,CTNND2,1
Gabra6,GABRA6,1
Ankrd17,ANKRD17,1
Sec61g,SEC61G,1
Slc44a1,SLC44A1,1
Cox16,COX16,1
Arhgef12,ARHGEF12,1
Gm43196,Not found,
Gm43018,Not found,
Pbx1,PBX1,1
Kctd16,KCTD16,1
Kctd16,Not found,
Dgki,DGKI,1
Pclo,PCLO,1
Kif21a,KIF21A,1
Dym,DYM,1
Trim9,TRIM9,1
Sox17,SOX17,1
Gm25416,RNU6-503P,0
Gm25416,RNU6-998P,0
Ankrd12,ANKRD12,1
Gbf1,GBF1,1
Slc12a6,SLC12A6,1
Syne1,SYNE1,1
Kcnb2,Not found,
Gm42732,Not found,
Dmxl2,DMXL2,1
Prpf39,PRPF39,1
Slc35f1,SLC35F1,1
A330023F24Rik,Not found,
Dync1i2,DYNC1I2,1
Spag9,SPAG9,1
7-Sep,Not found,N/A
C7,C7,1
Wwox,WWOX,1
Mmp16,MMP16,1
Sin3b,SIN3B,1
Rictor,RICTOR,1
Trio,TRIO,1
Elavl3,ELAVL3,1
Spock3,SPOCK3,1
Vwa8,VWA8,1
Lin7a,LIN7A,1
Ttc19,TTC19,1
Fam135b,FAM135B,1
Klhl29,KLHL29,1
Lrfn5,LRFN5,1
Hecw1,HECW1,1
Osbpl9,OSBPL9,1
Enox1,ENOX1,1
Spop,SPOP,1
2210408I21Rik,KIAA0825,1
Capn9,CAPN9,1
Ppm1e,PPM1E,1
Gm43766,Not found,
Clip1,CLIP1,1
Qser1,QSER1,1
Pcsk2,PCSK2,1
Ncam2,NCAM2,1
Vps28,VPS28,1
Bicd1,BICD1,1
Gm47956,Not found,
Slc39a13,SLC39A13,1
Micu3,MICU3,1
App,APP,1
Efr3a,EFR3A,1
Camk2b,CAMK2B,1
Gm24456,Not found,
Ankrd11,ANKRD11,1
Ints6,INTS6,1
Rb1cc1,RB1CC1,1
Apbb2,APBB2,1
Cacna1c,CACNA1C,1
Ppp1r9a,PPP1R9A,1
Ppm1h,PPM1H,1
Hs6st3,HS6ST3,1
Pkp4,PKP4,1
Or1aa2,Not found,
Ankhd1,ANKHD1,1
Hnrnph1,HNRNPH1,1
Nebl,NEBL,1
Car13,CA13,1
Gm19345,Not found,
Elmo1,ELMO1,1
Ppfia2,PPFIA2,1
Fars2,FARS2,1
Cacna1e,CACNA1E,1
Ksr2,KSR2,1
Gm44066,Not found,
Reps2,REPS2,1
Vti1a,VTI1A,1
Wdr7,WDR7,1
Cplane1,CPLANE1,1
Rptor,RPTOR,1
Dock4,DOCK4,1
Mical2,MICAL2,1
4930402H24Rik,Not found,N/A
Pi4ka,PI4KA,1
Ust,UST,1
Papola,PAPOLA,1
Trhde,TRHDE,1
Pafah1b1,PAFAH1B1,1
Baz2b,BAZ2B,1
Phf21a,PHF21A,1
Slc2a13,SLC2A13,1
Gnas,GNAS,0
Ptbp2,PTBP2,1
Hmgcll1,HMGCLL1,1
N4bp2l2,N4BP2L2,1
Cep170,CEP170,1
Rcn1,RCN1,1
Cyfip2,CYFIP2,1
Mef2a,MEF2A,1
Mef2c,MEF2C,1
Nrd1,Not found,N/A
Csnk1a1,CSNK1A1,1
4930415P13Rik,Not found,
Macf1,MACF1,1
Gm44679,Not found,
